amfi_code,Scorecard_Value,CAGR_Overall,Alpha,Beta
120503,95.2,0.15745401188473623,0.026239780813448105,0.808233797718321
119551,88.4,0.2150714306409916,0.02232334448672798,1.1879639408647977
119092,82.1,0.19319939418114052,0.0546470458309974,1.1329770563201687
120841,76.5,0.17986584841970366,0.04404460046972835,0.8849356442713104
118632,71.2,0.13560186404424365,0.048322903111841814,0.8727299868828403
