amfi_code,VaR_95,CVaR_95
120503,-0.017775952694107405,-0.022383144041765675
119551,-0.018519091422330047,-0.02357580638761657
119092,-0.019786759667554617,-0.025501031643984196
120841,-0.020564562941035695,-0.02520825693531828
118632,-0.019126498252863527,-0.022775681736194108
